Costos;Motivos;Edad;Sexo;Ocupacion;Ingreso Economico;Estado Civil;Convivencia;Grado de Instruccion;Act.Fisica Tiempo Libre;Vida Activa;NO realiza Actividad Fisica;Tipo de DBT;Anios de DBT;Diagnostico;Toma Medicacion;Hace Dieta;Automonitoreo;Nro Visitas;Insulina;H.Orales;Sin tratamiento;FR:HTA;FR:Insuf.Renal Cronica;FR:Insuf.Card. Congestiva;FR:Cardiopatia Isquemica;FR:Enfermedad Vascular P.;FR:Acc.Cerebro Vasc.Secuela;FR:Retinopatia Diabetica;FR:Consumo Alcohol;FR:Tabaquismo;FR:Hipercolesterolemia;FR:Peso;FR:Talla;FR:BMI;MI:Pie Diabetico;MI:CAD;MI:Neumopatia;MI:Infeccion Urinaria;MI:ICC Descompensada;MI:CI Aguda;MI:ACV en curso;MI:Infeccion Piel;MI:Otro;Dias de Internacion;Costo Institucional
<=1;OT;61;2;3;1;3;4;3;2;2;1;2;17;2;1;1;1;0;1;2;2;2;2;2;1;3;2;2;2;2;1;59;153;25;2;2;2;2;2;2;2;2;1;6;750
1a2;ACV;63;2;3;2;3;4;2;2;1;2;2;0;1;3;2;2;0;2;2;1;2;2;2;2;3;1;3;3;1;1;52;159;20;2;2;2;2;2;2;1;2;2;10;1330
>10;PD;54;1;1;1;3;4;4;2;2;1;1;12;2;1;1;2;0;1;2;2;1;2;2;2;1;2;1;2;2;1;0;0;0;1;2;2;2;2;2;2;2;2;66;10785
>10;PD;64;1;1;1;2;4;1;2;2;1;2;0;2;3;3;2;0;2;2;1;1;2;2;2;1;2;3;1;1;3;0;0;0;1;2;2;2;2;2;2;2;2;150;20394
<=1;X;73;2;1;1;1;2;1;2;2;1;2;10;2;2;3;2;2;2;1;2;1;2;3;1;3;2;1;3;3;1;90;169;31;2;2;2;2;2;2;2;2;1;2;270
<=1;ICC;68;2;3;3;2;2;3;2;1;2;2;0;1;3;3;2;0;2;2;1;2;2;2;2;2;1;2;2;2;1;67;158;26;2;2;2;2;1;1;2;2;2;8;990
2a3;PD;60;1;1;1;2;2;2;2;2;1;2;8;2;2;3;2;0;2;1;2;1;2;2;2;2;2;1;1;1;1;0;0;0;1;2;2;2;2;2;2;1;2;14;2950
2a3;ICC;63;2;5;1;2;4;3;2;2;1;2;11;2;1;3;2;10;2;1;2;1;2;2;1;2;2;2;2;2;1;0;0;0;2;2;2;2;1;2;2;2;2;16;2026
1a2;X;44;1;4;5;2;4;3;2;2;1;2;0;1;1;1;2;0;2;1;2;2;2;2;2;2;2;3;2;1;3;69;159;27;2;2;2;2;2;2;2;2;1;9;1630
<=1;IU;85;2;3;2;1;4;3;2;2;1;2;2;2;1;1;2;6;2;1;2;1;3;2;2;2;2;3;2;2;1;0;0;0;2;2;2;1;2;2;2;2;2;7;870
4a5;PD;62;1;1;3;3;4;3;2;2;1;2;33;2;1;2;2;24;2;1;2;2;2;2;3;1;1;1;1;1;2;75;175;24;1;2;2;2;2;2;2;2;2;30;4894
1a2;IPIEL;50;1;3;1;2;2;4;2;2;1;2;4;2;1;2;2;0;2;1;2;1;2;2;2;1;2;1;2;1;2;85;160;33;2;2;2;2;2;2;2;1;2;9;1148
<=1;CIA;63;1;5;4;2;2;2;2;1;2;2;1;2;1;2;1;0;2;1;2;2;2;2;1;1;2;3;2;1;2;89;170;30;2;2;2;2;2;1;2;2;2;6;750
1a2;X;53;1;1;1;2;4;1;2;2;1;2;18;2;2;3;2;2;2;1;2;1;1;3;3;2;2;2;1;2;1;61;173;20;2;2;2;2;2;2;2;2;1;8;1710
2a3;PD;64;1;1;1;3;4;3;2;2;1;2;8;2;1;2;2;0;2;1;2;1;1;2;1;2;2;2;1;1;1;0;0;0;1;2;2;2;2;2;2;2;2;15;2946
3a4;PD;62;1;1;1;3;4;2;2;2;1;2;1;2;2;2;2;7;2;1;2;1;2;2;2;2;2;2;1;1;2;0;0;0;1;2;2;2;2;2;2;2;2;18;3291
1a2;NEUM;58;1;1;1;3;4;2;2;2;1;2;20;2;2;3;2;0;2;1;2;2;2;2;2;2;2;1;2;2;2;0;0;0;2;2;1;2;2;2;2;2;2;8;1066
>10;IPIEL;67;1;5;1;2;2;3;2;2;1;2;20;2;2;3;2;2;2;1;2;2;2;2;1;1;2;2;2;1;2;85;175;27;2;2;2;2;2;2;2;1;2;180;25191
<=1;X;58;1;5;1;2;4;3;2;2;1;2;6;2;1;2;2;0;2;1;2;2;2;1;2;2;2;1;1;1;1;70;172;23;2;2;2;2;2;2;2;2;1;7;870
3a4;PD;67;1;5;3;2;2;3;2;2;1;2;6;2;3;3;2;7;2;2;1;1;1;1;1;1;2;3;2;2;2;115;177;36;1;2;2;2;1;2;2;2;2;28;3870
1a2;IPIEL;52;1;4;4;2;4;3;1;2;2;2;30;2;1;1;1;10;1;2;2;1;2;2;2;2;2;1;1;2;2;91;170;31;2;2;2;2;2;2;2;1;2;9;1170
<=1;PD;68;1;5;1;3;4;3;2;2;1;2;1;2;2;1;2;10;2;1;2;2;2;2;2;2;2;2;2;2;2;0;0;0;1;2;2;2;2;2;2;1;1;7;924
<=1;NEUM;66;1;5;3;2;2;3;2;2;1;2;10;2;1;1;2;0;2;1;2;2;2;2;2;1;2;3;1;1;2;80;174;26;2;2;1;2;2;2;2;2;2;7;885
<=1;CAD;28;1;1;3;3;4;3;2;2;1;2;0;1;3;3;2;0;1;2;2;2;2;2;2;2;2;2;2;2;2;60;175;19;2;1;2;2;2;2;2;2;2;6;750
<=1;IU;85;2;3;3;1;4;2;2;2;1;2;0;2;3;1;2;0;2;2;1;1;2;1;2;2;1;1;2;2;2;0;0;0;2;2;2;1;2;2;2;2;2;5;637
1a2;X;63;2;5;3;1;4;3;2;2;1;2;0;2;1;1;1;6;1;1;2;1;2;2;3;1;2;1;2;2;1;90;165;33;2;2;2;2;2;2;2;2;1;8;1362
<=1;IPIEL;63;2;2;3;1;4;2;2;2;1;2;0;1;3;3;2;0;2;2;1;1;2;2;3;2;2;3;1;1;2;110;158;44;2;2;2;2;2;2;2;1;2;7;908
1a2;ACV;51;2;3;4;3;4;2;2;2;1;2;0;1;3;3;2;0;2;2;1;1;2;2;2;2;2;3;2;2;1;61;150;27;2;2;2;2;2;2;1;2;2;8;1090
1a2;ACV;63;1;1;1;3;4;4;2;2;1;2;10;2;2;3;2;0;2;1;2;1;2;1;1;2;2;2;2;2;2;90;176;29;2;2;2;2;2;2;1;2;2;9;1800
<=1;CAD;39;1;4;1;2;4;3;2;2;1;1;17;2;2;2;2;0;1;2;2;2;2;2;2;2;2;2;1;1;2;53;173;17;2;1;2;2;2;2;2;2;2;6;750
<=1;NEUM;38;2;5;5;3;4;3;2;2;1;2;1;2;2;2;2;0;2;1;2;2;2;2;2;2;2;3;2;2;1;68;160;26;2;2;1;2;2;2;2;2;1;13;340
2a3;ICC;45;1;3;1;3;4;2;2;2;1;2;5;2;1;1;1;4;2;1;2;1;2;1;2;2;2;1;2;2;2;54;160;21;2;2;2;2;1;2;2;2;2;16;2043
1a2;CAD;33;1;5;2;3;4;3;2;2;1;1;25;2;1;2;1;0;1;2;2;2;1;2;2;2;2;1;2;1;2;75;179;23;2;1;2;2;2;2;2;1;2;15;1986
2a3;X;67;1;1;1;2;2;3;2;2;1;2;15;2;2;3;2;0;2;1;2;2;2;2;2;2;2;1;1;1;2;58;174;19;2;2;2;2;2;2;2;2;1;17;2070
<=1;X;59;1;1;3;2;4;2;2;2;1;2;15;2;1;1;2;0;2;1;2;1;2;1;2;2;1;2;1;1;1;70;150;31;2;2;2;2;2;2;2;2;1;8;996
<=1;X;41;1;1;1;2;4;4;2;1;2;1;12;2;1;1;1;5;1;2;2;2;2;2;1;2;2;1;2;2;3;62;178;19;2;2;2;2;2;2;2;2;1;7;970
3a4;PD;54;1;1;1;3;4;3;2;2;1;2;8;2;1;1;1;4;2;1;2;1;2;2;2;1;2;2;2;2;2;86;180;26;1;2;2;2;2;2;2;2;2;17;3205
1a2;PD;58;1;4;3;3;4;3;2;2;1;2;3;2;1;2;2;0;2;1;2;1;1;1;2;2;2;3;2;2;1;0;0;0;1;2;2;2;2;2;2;2;2;12;1531
<=1;ACV;70;1;2;3;3;4;2;2;1;2;2;7;2;1;2;2;2;2;1;2;1;2;2;2;1;3;3;1;1;1;75;170;25;2;2;2;2;2;2;1;2;2;5;730
1a2;X;54;1;4;3;3;4;3;2;2;1;2;0;1;3;3;2;0;1;2;2;2;2;2;2;2;2;2;1;2;2;62;162;23;2;2;2;2;2;2;2;2;1;12;1770
5a10;PD;57;1;5;7;2;4;2;2;1;2;2;1;2;2;2;2;0;2;1;2;1;2;2;2;2;2;2;1;2;2;98;190;27;1;2;2;2;2;2;2;1;2;24;5288
1a2;NEUM;67;2;3;3;3;4;2;2;2;1;2;20;2;1;1;2;10;1;2;2;1;1;2;3;2;2;1;2;1;1;70;157;28;2;2;1;2;2;2;2;2;2;12;1479
1a2;CIA;54;2;3;3;3;4;1;2;2;1;2;1;2;2;2;2;9;2;2;1;1;2;2;1;3;2;3;2;2;1;95;158;38;2;2;2;2;2;1;2;2;1;8;1230
>10;PD;60;1;1;1;2;2;3;2;1;2;2;20;2;3;3;2;2;2;2;1;2;2;2;2;2;2;1;2;1;2;87;175;28;1;2;2;2;2;2;2;2;2;72;10786
3a4;PD;65;1;1;3;3;4;3;2;2;1;2;2;2;1;2;2;12;1;2;2;2;2;2;2;2;2;1;2;2;2;70;166;25;1;2;2;2;2;2;2;2;2;23;3793
3a4;NEUM;45;1;4;3;3;4;2;2;2;1;1;8;2;2;1;2;0;1;2;2;2;2;2;2;2;2;3;2;1;1;65;171;22;2;2;1;2;2;2;2;2;2;24;3033
<=1;X;71;1;5;3;3;4;3;2;2;1;2;6;2;3;2;2;2;2;2;1;1;2;2;2;2;2;2;1;1;2;82;174;27;2;2;2;2;2;2;2;2;1;7;914
<=1;ACV;62;1;4;3;3;4;3;2;2;1;1;16;2;2;2;2;2;1;2;2;1;1;2;1;1;1;2;1;1;1;0;0;0;2;2;2;2;2;2;1;2;2;6;850
<=1;ACV;62;1;4;3;3;4;3;2;2;1;1;16;2;2;2;2;2;1;2;2;1;1;2;1;1;1;2;1;1;1;0;0;0;2;2;2;2;2;2;1;2;2;6;850
2a3;PD;61;1;5;2;2;4;2;1;2;2;2;23;0;1;2;2;0;1;2;2;2;2;2;2;1;2;1;2;2;2;75;171;25;1;2;2;2;2;2;2;2;2;10;2380
2a3;PD;48;1;4;1;2;4;4;2;2;1;1;21;0;1;2;1;1;1;2;2;2;2;2;2;2;2;1;2;1;2;69;185;20;1;2;2;2;2;2;2;2;2;16;2074
<=1;NEUM;67;2;3;3;1;4;1;2;2;1;2;15;0;3;2;1;1;2;2;1;1;1;2;2;2;2;1;2;2;3;55;160;21;2;2;1;2;2;2;2;2;2;6;758
<=1;NEUM;66;2;4;3;2;2;3;2;1;2;2;10;2;2;1;2;2;2;1;2;1;2;2;2;2;2;2;2;2;2;65;166;23;2;2;1;2;2;2;2;2;2;5;640
<=1;X;58;2;3;4;3;4;2;2;2;1;2;7;2;1;2;2;6;1;2;2;1;2;1;1;2;2;3;2;2;1;77;154;32;2;2;2;2;2;2;2;2;1;5;630
1a2;NEUM;76;1;1;2;2;2;2;2;1;2;2;8;2;1;1;2;0;2;1;2;2;2;2;2;1;2;2;2;2;3;74;170;25;2;2;1;2;2;2;2;2;2;12;1498
1a2;CIA;48;1;4;3;3;4;2;2;1;2;2;3;2;1;2;2;4;2;1;2;1;2;2;1;2;2;3;2;2;1;82;165;30;2;2;2;2;2;1;2;2;2;12;1509
4a5;OT;67;2;3;3;1;2;3;2;2;1;2;15;2;1;2;2;0;2;1;2;1;2;2;2;1;2;3;2;1;2;70;161;27;2;2;2;2;2;2;2;2;2;3;4100
1a2;PD;54;1;1;3;3;3;1;2;2;1;2;20;2;3;3;2;2;2;1;2;1;2;3;1;3;2;1;1;1;1;88;164;32;1;2;2;2;2;2;2;2;2;10;1500
3a4;NEUM;63;1;1;1;2;4;3;2;2;1;2;5;0;1;1;1;1;1;2;2;2;2;2;2;2;2;3;2;2;1;74;187;21;2;2;1;2;2;2;2;2;1;30;3630
<=1;X;47;1;5;3;3;4;1;2;1;2;2;2;0;1;2;2;0;2;1;2;2;2;1;2;2;2;3;1;1;3;65;169;22;2;2;2;2;2;2;2;2;1;6;900
4a5;X;65;2;2;3;1;2;2;1;2;2;2;4;0;1;1;2;6;2;1;2;2;2;2;2;2;2;1;2;1;1;63;155;26;2;2;2;2;2;2;2;2;1;7;4470
<=1;ACV;52;2;5;2;1;4;2;2;2;1;2;7;0;2;3;2;4;2;1;2;2;2;2;3;3;1;1;1;1;3;65;150;28;2;2;2;2;2;2;1;2;2;6;850
<=1;X;60;1;1;1;3;4;2;2;2;1;2;2;1;2;2;2;0;2;1;2;1;2;2;2;2;2;2;2;2;1;93;170;32;2;2;2;2;2;2;2;2;1;5;630
>10;PD;64;1;1;1;1;4;3;2;1;2;2;2;0;2;3;2;1;2;1;2;1;2;2;2;1;2;3;2;1;3;73;177;23;1;2;2;2;2;2;2;2;2;9;12652
3a4;X;64;1;2;4;3;4;3;1;2;2;2;13;0;1;1;1;11;1;1;2;1;1;1;2;1;2;1;1;1;3;78;170;26;2;2;2;2;2;2;2;2;1;24;3210
5a10;PD;62;1;1;1;3;4;3;1;2;1;2;6;0;1;2;1;0;1;2;2;1;2;1;1;1;1;1;2;2;3;80;170;27;1;2;2;2;2;2;2;2;2;60;9412
2a3;CAD;89;2;2;1;2;2;1;2;2;1;2;30;2;2;2;2;8;1;2;1;1;3;3;3;3;2;3;2;2;3;75;160;29;2;1;2;2;2;2;1;2;2;20;2579
2a3;ACV;64;2;3;5;3;4;3;2;2;1;2;15;0;1;2;1;5;2;1;2;1;1;2;2;2;1;1;2;2;2;95;165;34;2;2;2;2;2;2;1;2;2;19;2410
<=1;IPIEL;56;2;3;3;3;4;3;2;2;1;2;7;2;1;2;1;3;2;1;2;1;2;2;2;2;2;2;2;1;1;84;165;30;2;2;2;2;2;2;2;1;2;3;893
3a4;IPIEL;60;1;4;4;2;2;3;1;2;1;2;1;0;3;3;2;0;2;2;1;1;2;2;2;2;2;2;1;2;2;98;176;31;2;2;2;2;2;2;2;1;2;25;3147
<=1;CIA;73;1;2;2;1;2;2;2;2;1;2;12;2;1;2;2;0;2;1;2;1;1;1;1;1;2;3;3;2;1;85;165;31;2;2;2;2;2;1;2;2;2;8;990
<=1;X;27;1;3;1;2;4;3;1;2;2;1;8;2;1;1;1;0;1;2;2;2;2;2;2;2;2;2;2;2;2;73;174;24;2;2;2;2;2;2;2;2;1;5;630
<=1;X;65;1;1;1;3;4;1;2;2;1;2;10;2;2;2;2;1;1;2;2;2;2;2;2;2;2;2;2;2;2;62;170;21;2;2;2;2;2;2;2;2;1;4;510
<=1;X;60;2;5;3;2;3;2;2;2;1;2;2;2;1;1;2;5;2;1;2;1;2;3;3;2;2;3;2;2;1;55;152;23;2;2;2;2;2;2;2;2;1;5;630
2a3;PD;54;1;5;1;2;4;3;2;1;2;2;8;2;1;2;2;3;2;1;2;2;2;2;2;2;2;1;2;2;2;0;0;0;1;2;2;2;2;2;2;2;2;22;2695
1a2;ICC;68;1;1;3;3;4;2;2;2;1;2;2;2;1;2;2;3;2;1;2;1;2;1;1;2;2;2;1;1;1;89;166;32;2;2;2;2;1;2;2;2;2;9;1110
4a5;PD;59;1;5;4;3;4;3;2;2;1;2;19;2;1;2;2;12;2;1;2;1;2;3;2;2;2;3;2;1;3;105;168;37;1;2;2;2;2;2;2;2;2;25;4181
<=1;X;55;1;5;3;1;2;3;2;2;1;1;20;2;1;1;2;4;1;2;2;1;2;2;2;2;2;3;2;2;2;69;175;22;2;2;2;2;2;2;2;2;1;8;990
<=1;ICC;69;1;1;3;2;2;2;2;2;1;2;20;2;1;1;2;2;2;1;2;3;2;1;3;1;2;3;2;2;3;0;0;0;2;2;2;2;1;2;2;2;2;5;630
1a2;ACV;63;2;3;2;3;4;3;2;1;2;2;9;2;2;2;2;0;2;2;1;1;2;2;2;2;2;3;2;2;1;0;0;0;2;2;2;2;2;2;1;2;2;13;1790
5a10;PD;68;1;1;2;3;4;2;2;2;1;2;35;2;1;1;1;0;1;2;2;2;2;3;3;2;2;1;2;1;1;0;0;0;1;2;2;2;2;2;2;2;2;55;6894
1a2;ACV;62;1;2;1;3;4;3;2;2;1;2;5;2;2;2;2;0;1;2;2;1;1;3;3;1;1;1;2;1;1;0;0;0;2;2;2;2;2;2;1;2;2;12;1570
5a10;PD;65;2;2;3;3;4;1;2;2;1;2;30;2;1;2;2;6;1;2;2;1;3;2;3;2;2;1;2;2;1;74;157;30;1;2;2;2;2;2;2;2;2;25;5143
2a3;PD;52;2;3;2;3;4;2;1;1;2;2;2;0;2;2;2;1;2;1;1;1;3;2;2;1;2;3;2;2;1;0;0;0;1;2;2;2;2;2;2;2;2;11;2374
5a10;PD;67;1;5;3;3;4;2;2;1;2;2;4;2;1;1;1;5;1;1;2;2;2;2;2;1;2;1;2;2;2;65;170;22;1;2;2;2;2;2;2;2;2;52;8332
5a10;X;52;1;5;3;2;4;4;2;2;1;2;0;1;3;2;2;0;2;2;1;2;2;2;3;2;2;2;2;1;2;67;162;25;2;2;2;2;2;2;2;2;1;48;8770
2a3;PD;58;2;1;3;2;4;3;2;2;1;2;27;2;1;2;1;9;1;2;2;1;1;3;3;3;1;2;2;1;1;74;159;29;1;2;2;2;2;2;2;2;2;9;2172
2a3;PD;66;1;5;3;3;4;3;2;2;1;2;41;0;1;3;2;5;2;1;2;1;2;2;1;1;1;3;2;2;2;0;0;0;1;2;2;2;2;2;2;2;2;20;2871
5a10;PD;57;1;5;4;2;4;3;2;2;1;2;22;2;1;1;1;20;1;2;2;1;2;2;2;1;2;3;2;1;2;80;182;24;1;2;2;2;2;2;2;2;2;46;8772
<=1;ICC;74;1;2;1;1;2;2;2;2;1;2;5;2;2;2;2;2;2;1;2;1;2;1;1;2;2;3;2;1;1;93;165;34;2;2;2;2;1;2;2;2;2;8;990
1a2;NEUM;70;1;1;1;2;4;3;2;2;1;2;5;2;3;2;2;0;2;1;2;1;2;1;1;3;3;3;1;1;1;95;166;34;2;2;1;2;2;2;2;2;2;10;1332
>10;PD;48;1;1;1;2;2;4;2;2;1;2;3;2;1;1;1;1;1;2;2;2;2;2;2;1;2;1;2;1;2;120;168;42;1;2;2;2;2;2;2;2;2;209;34079
5a10;PD;63;1;2;3;3;4;3;2;2;1;2;20;2;1;1;1;6;1;2;2;1;1;2;2;1;2;2;2;2;2;0;0;0;1;2;2;2;2;2;2;2;2;62;8459
<=1;IPIEL;44;1;5;3;3;4;3;2;2;1;2;0;1;2;2;2;0;2;1;2;1;2;3;3;2;2;3;1;2;1;160;172;54;2;2;2;2;2;2;2;1;2;6;798
1a2;X;58;2;4;3;2;2;2;2;2;1;2;0;1;3;3;2;0;2;1;2;1;2;3;3;3;2;3;1;1;2;91;176;29;2;2;2;2;2;2;2;2;1;11;1350
